{
  "results": [
    {
      "command": "PHPStan 2.1.39",
      "mean": 17.6594556457,
      "stddev": 0.07017319295977752,
      "median": 17.6384412705,
      "user": 17.0613442,
      "system": 0.5702278,
      "min": 17.582528666,
      "max": 17.790476792,
      "times": [
        17.790476792,
        17.70673,
        17.743331833,
        17.663183583,
        17.582528666,
        17.5994875,
        17.683024209,
        17.606137041,
        17.605957875,
        17.613698958
      ],
      "exit_codes": [
        1,
        1,
        1,
        1,
        1,
        1,
        1,
        1,
        1,
        1
      ]
    },
    {
      "command": "PHPStan 2.1.34",
      "mean": 17.897631233,
      "stddev": 0.034754348890784284,
      "median": 17.904769270499997,
      "user": 17.301897599999997,
      "system": 0.5847958,
      "min": 17.85201625,
      "max": 17.947868583,
      "times": [
        17.922672583,
        17.927814416,
        17.947868583,
        17.863124416,
        17.865592166,
        17.85201625,
        17.895656041,
        17.9138825,
        17.860569292,
        17.927116083
      ],
      "exit_codes": [
        1,
        1,
        1,
        1,
        1,
        1,
        1,
        1,
        1,
        1
      ]
    },
    {
      "command": "PHPStan 2.1.30",
      "mean": 17.6929207791,
      "stddev": 0.05259231295932246,
      "median": 17.684991500000002,
      "user": 17.092885199999998,
      "system": 0.5850880999999999,
      "min": 17.630212667,
      "max": 17.791637417,
      "times": [
        17.630212667,
        17.634085708,
        17.664552167,
        17.663595666,
        17.791637417,
        17.719140208,
        17.723770167,
        17.744404916,
        17.705430833,
        17.652378042
      ],
      "exit_codes": [
        1,
        1,
        1,
        1,
        1,
        1,
        1,
        1,
        1,
        1
      ]
    },
    {
      "command": "Psalm 7.0.0-beta16",
      "mean": 30.7238686958,
      "stddev": 0.17713880396875983,
      "median": 30.779626104000002,
      "user": 113.69051549999999,
      "system": 8.7147794,
      "min": 30.410101208,
      "max": 30.954635333,
      "times": [
        30.859000416,
        30.410101208,
        30.636111834,
        30.765722541,
        30.53619125,
        30.954635333,
        30.884826542,
        30.793529667,
        30.565502875,
        30.833065292
      ],
      "exit_codes": [
        2,
        2,
        2,
        2,
        2,
        2,
        2,
        2,
        2,
        2
      ]
    },
    {
      "command": "Psalm 6.15.1",
      "mean": 7.8838666123999985,
      "stddev": 0.04608694257335557,
      "median": 7.8825029375,
      "user": 20.9578964,
      "system": 3.3120836,
      "min": 7.816239791,
      "max": 7.944176709,
      "times": [
        7.944176709,
        7.925740375,
        7.882063292,
        7.9315025420000005,
        7.919195416,
        7.870216916,
        7.882942583,
        7.846121875,
        7.816239791,
        7.820466625
      ],
      "exit_codes": [
        1,
        1,
        1,
        1,
        1,
        1,
        1,
        1,
        1,
        1
      ]
    },
    {
      "command": "Phan 6.0.1",
      "mean": 62.4061868461,
      "stddev": 0.763860333329745,
      "median": 62.2339630625,
      "user": 105.66792640000001,
      "system": 10.2992554,
      "min": 61.857443417,
      "max": 64.488942584,
      "times": [
        62.344391334,
        62.32256875,
        61.857443417,
        62.145357375,
        61.96310125,
        61.939086792,
        62.109887708,
        64.488942584,
        62.564101417,
        62.326987834
      ],
      "exit_codes": [
        1,
        1,
        1,
        1,
        1,
        1,
        1,
        1,
        1,
        1
      ]
    }
  ]
}
