{
  "results": [
    {
      "command": "Mago 1.10.0",
      "mean": 2.1601291251,
      "stddev": 0.08746948727994369,
      "median": 2.1158536045,
      "user": 8.272417299999999,
      "system": 1.1945191,
      "min": 2.073369292,
      "max": 2.301377291,
      "times": [
        2.194264208,
        2.301377291,
        2.073369292,
        2.109641292,
        2.122065917,
        2.087301417,
        2.08737075,
        2.280987417,
        2.245629667,
        2.099284
      ],
      "exit_codes": [
        1,
        1,
        1,
        1,
        1,
        1,
        1,
        1,
        1,
        1
      ]
    },
    {
      "command": "Mago 1.9.1",
      "mean": 2.2014882543,
      "stddev": 0.07344911418382546,
      "median": 2.208140375,
      "user": 8.556591000000001,
      "system": 1.2585649999999997,
      "min": 2.105495209,
      "max": 2.3082270830000002,
      "times": [
        2.114291625,
        2.166929167,
        2.258699667,
        2.123458417,
        2.231849875,
        2.288579792,
        2.184430875,
        2.105495209,
        2.232920833,
        2.3082270830000002
      ],
      "exit_codes": [
        1,
        1,
        1,
        1,
        1,
        1,
        1,
        1,
        1,
        1
      ]
    },
    {
      "command": "Mago 1.8.0",
      "mean": 2.1809179334,
      "stddev": 0.09606250706240835,
      "median": 2.159727625,
      "user": 8.450827399999998,
      "system": 1.2541805,
      "min": 2.071973833,
      "max": 2.3141955,
      "times": [
        2.108658292,
        2.283608,
        2.115254667,
        2.280325958,
        2.204200583,
        2.072609292,
        2.253946542,
        2.3141955,
        2.104406667,
        2.071973833
      ],
      "exit_codes": [
        1,
        1,
        1,
        1,
        1,
        1,
        1,
        1,
        1,
        1
      ]
    },
    {
      "command": "Mago 1.7.0",
      "mean": 2.0837192165,
      "stddev": 0.08252233464992761,
      "median": 2.114178396,
      "user": 8.0809252,
      "system": 1.2608276,
      "min": 1.938527583,
      "max": 2.164686875,
      "times": [
        2.071727791,
        2.0003995,
        2.159803,
        2.116180167,
        2.112176625,
        1.9794699580000001,
        2.164686875,
        2.149349208,
        1.938527583,
        2.144871458
      ],
      "exit_codes": [
        1,
        1,
        1,
        1,
        1,
        1,
        1,
        1,
        1,
        1
      ]
    },
    {
      "command": "PHPStan 2.1.39",
      "mean": 79.99797051239999,
      "stddev": 0.49872549174645026,
      "median": 79.92029214600001,
      "user": 571.1173861999999,
      "system": 19.1714138,
      "min": 79.179649458,
      "max": 80.879354458,
      "times": [
        80.487832083,
        79.658478166,
        79.973628917,
        79.866955375,
        80.247868792,
        79.814134625,
        80.332846375,
        80.879354458,
        79.538956875,
        79.179649458
      ],
      "exit_codes": [
        1,
        1,
        1,
        1,
        1,
        1,
        1,
        1,
        1,
        1
      ]
    },
    {
      "command": "PHPStan 2.1.34",
      "mean": 85.8398223625,
      "stddev": 0.3485670231528476,
      "median": 85.88381737450001,
      "user": 617.4947585,
      "system": 20.3062447,
      "min": 85.093728417,
      "max": 86.244085291,
      "times": [
        85.894395583,
        86.007043292,
        85.864548458,
        85.995453042,
        86.244085291,
        85.468051292,
        85.873239166,
        86.243084417,
        85.714594667,
        85.093728417
      ],
      "exit_codes": [
        1,
        1,
        1,
        1,
        1,
        1,
        1,
        1,
        1,
        1
      ]
    },
    {
      "command": "PHPStan 2.1.30",
      "mean": 106.5605673999,
      "stddev": 0.9422856332377307,
      "median": 106.4064820415,
      "user": 823.8608007,
      "system": 15.467102399999998,
      "min": 105.581690334,
      "max": 107.966139958,
      "times": [
        105.581690334,
        107.966139958,
        107.435889875,
        107.052413583,
        105.583818083,
        106.117629292,
        107.755539166,
        106.695334791,
        105.684469583,
        105.732749334
      ],
      "exit_codes": [
        1,
        1,
        1,
        1,
        1,
        1,
        1,
        1,
        1,
        1
      ]
    },
    {
      "command": "Psalm 7.0.0-beta16",
      "mean": 32.503751129,
      "stddev": 0.25465403982525747,
      "median": 32.486014374999996,
      "user": 128.9301678,
      "system": 11.038346599999999,
      "min": 32.209565833,
      "max": 32.980933292,
      "times": [
        32.843059416,
        32.252182458,
        32.2904275,
        32.980933292,
        32.338859209,
        32.574706541,
        32.209565833,
        32.546963708,
        32.575748291,
        32.425065042
      ],
      "exit_codes": [
        2,
        2,
        2,
        2,
        2,
        2,
        2,
        2,
        2,
        2
      ]
    },
    {
      "command": "Psalm 6.15.1",
      "mean": 11.3775851999,
      "stddev": 0.026925165439397616,
      "median": 11.388783521,
      "user": 40.9852389,
      "system": 6.1864796,
      "min": 11.314358542,
      "max": 11.398771875,
      "times": [
        11.359047458,
        11.398771875,
        11.397616958,
        11.398420541,
        11.395634958,
        11.387364417,
        11.390202625,
        11.36002175,
        11.314358542,
        11.374412875
      ],
      "exit_codes": [
        1,
        1,
        1,
        1,
        1,
        1,
        1,
        1,
        1,
        1
      ]
    },
    {
      "command": "Phan 6.0.1",
      "mean": 63.1270266667,
      "stddev": 1.3691169816917574,
      "median": 62.3676791045,
      "user": 106.70542150000001,
      "system": 10.3048427,
      "min": 62.103076375,
      "max": 65.617139917,
      "times": [
        62.299110458,
        62.193300833,
        62.346033834,
        62.242734792,
        62.455892875,
        62.103076375,
        64.823131167,
        62.389324375,
        64.800522041,
        65.617139917
      ],
      "exit_codes": [
        1,
        1,
        1,
        1,
        1,
        1,
        1,
        1,
        1,
        1
      ]
    }
  ]
}
