{
  "results": [
    {
      "command": "PHPStan 2.1.39",
      "mean": 0.8043785542,
      "stddev": 0.014527195288230254,
      "median": 0.8046182085000001,
      "user": 0.6723939,
      "system": 0.12228160000000002,
      "min": 0.787302167,
      "max": 0.832048541,
      "times": [
        0.819532292,
        0.7883629590000001,
        0.7894789160000001,
        0.787302167,
        0.810037875,
        0.832048541,
        0.7978062920000001,
        0.8009253340000001,
        0.809980083,
        0.8083110830000001
      ],
      "exit_codes": [
        1,
        1,
        1,
        1,
        1,
        1,
        1,
        1,
        1,
        1
      ]
    },
    {
      "command": "PHPStan 2.1.34",
      "mean": 0.8207227915,
      "stddev": 0.008430946849313975,
      "median": 0.819373229,
      "user": 0.6771252999999999,
      "system": 0.13368799999999997,
      "min": 0.812689416,
      "max": 0.8435220000000001,
      "times": [
        0.8435220000000001,
        0.819346416,
        0.821609125,
        0.8159424580000001,
        0.818672292,
        0.8159837910000001,
        0.8195371250000001,
        0.8205252500000001,
        0.819400042,
        0.812689416
      ],
      "exit_codes": [
        1,
        1,
        1,
        1,
        1,
        1,
        1,
        1,
        1,
        1
      ]
    },
    {
      "command": "PHPStan 2.1.30",
      "mean": 0.8004667918000001,
      "stddev": 0.02019368574261625,
      "median": 0.793989417,
      "user": 0.6741517,
      "system": 0.11508170000000002,
      "min": 0.785123125,
      "max": 0.85392875,
      "times": [
        0.85392875,
        0.8057779580000001,
        0.804025792,
        0.798269459,
        0.7873955420000001,
        0.789709375,
        0.785123125,
        0.8015496670000001,
        0.7894158750000001,
        0.789472375
      ],
      "exit_codes": [
        1,
        1,
        1,
        1,
        1,
        1,
        1,
        1,
        1,
        1
      ]
    },
    {
      "command": "Psalm 7.0.0-beta16",
      "mean": 5.743182924800001,
      "stddev": 0.03701224414086734,
      "median": 5.7270134585,
      "user": 7.8526132,
      "system": 1.2923905,
      "min": 5.709003791,
      "max": 5.806363625,
      "times": [
        5.762835708,
        5.7991790420000005,
        5.711315583,
        5.72670925,
        5.761763625,
        5.727317667,
        5.710390416,
        5.806363625,
        5.716950541,
        5.709003791
      ],
      "exit_codes": [
        2,
        2,
        2,
        2,
        2,
        2,
        2,
        2,
        2,
        2
      ]
    },
    {
      "command": "Psalm 6.15.1",
      "mean": 5.1741457042,
      "stddev": 0.037570503803359585,
      "median": 5.1812795415,
      "user": 5.977568299999999,
      "system": 1.0597929,
      "min": 5.113548542,
      "max": 5.211929792,
      "times": [
        5.200767458,
        5.210549,
        5.113548542,
        5.124842375,
        5.147802,
        5.161791625,
        5.15844375,
        5.2019688330000005,
        5.211929792,
        5.209813667
      ],
      "exit_codes": [
        1,
        1,
        1,
        1,
        1,
        1,
        1,
        1,
        1,
        1
      ]
    },
    {
      "command": "Phan 6.0.1",
      "mean": 3.5995373541000006,
      "stddev": 0.027488492860272808,
      "median": 3.6010944785000003,
      "user": 4.380332599999999,
      "system": 2.5508641,
      "min": 3.562769417,
      "max": 3.659122375,
      "times": [
        3.659122375,
        3.597210333,
        3.562769417,
        3.60219575,
        3.578667375,
        3.56884575,
        3.621721084,
        3.6026525,
        3.600195791,
        3.601993166
      ],
      "exit_codes": [
        1,
        1,
        1,
        1,
        1,
        1,
        1,
        1,
        1,
        1
      ]
    }
  ]
}
