{
  "results": [
    {
      "command": "Mago 1.10.0",
      "mean": 0.22075822930000003,
      "stddev": 0.001473678323059615,
      "median": 0.22118537500000002,
      "user": 0.5019769,
      "system": 0.6362946999999999,
      "min": 0.218271875,
      "max": 0.22256150000000002,
      "times": [
        0.218271875,
        0.22012704200000002,
        0.22101700000000002,
        0.218854458,
        0.22155025,
        0.22135375000000002,
        0.219606667,
        0.222065542,
        0.222174209,
        0.22256150000000002
      ],
      "exit_codes": [
        1,
        1,
        1,
        1,
        1,
        1,
        1,
        1,
        1,
        1
      ]
    },
    {
      "command": "Mago 1.9.1",
      "mean": 0.22340261649999998,
      "stddev": 0.001959569346965823,
      "median": 0.22253470800000003,
      "user": 0.509787,
      "system": 0.6430716,
      "min": 0.221362666,
      "max": 0.2265205,
      "times": [
        0.223546084,
        0.2265205,
        0.222116833,
        0.221999583,
        0.221362666,
        0.225257708,
        0.22284541600000002,
        0.222224,
        0.221733125,
        0.22642025000000002
      ],
      "exit_codes": [
        1,
        1,
        1,
        1,
        1,
        1,
        1,
        1,
        1,
        1
      ]
    },
    {
      "command": "Mago 1.8.0",
      "mean": 0.22366249570000005,
      "stddev": 0.0028086301593233855,
      "median": 0.222669167,
      "user": 0.5108395,
      "system": 0.6481866999999999,
      "min": 0.22070187500000002,
      "max": 0.23058366600000002,
      "times": [
        0.223507791,
        0.22206383300000002,
        0.22237920800000002,
        0.221862625,
        0.225709709,
        0.23058366600000002,
        0.22447791600000003,
        0.222796334,
        0.22254200000000002,
        0.22070187500000002
      ],
      "exit_codes": [
        1,
        1,
        1,
        1,
        1,
        1,
        1,
        1,
        1,
        1
      ]
    },
    {
      "command": "Mago 1.7.0",
      "mean": 0.22099269180000003,
      "stddev": 0.001567968632662787,
      "median": 0.2207119375,
      "user": 0.49610699999999996,
      "system": 0.6460341000000001,
      "min": 0.218539209,
      "max": 0.22364312500000003,
      "times": [
        0.21959504200000002,
        0.22364312500000003,
        0.22007383400000002,
        0.220380875,
        0.22104300000000002,
        0.221989125,
        0.22157383400000003,
        0.22295304100000002,
        0.220135833,
        0.218539209
      ],
      "exit_codes": [
        1,
        1,
        1,
        1,
        1,
        1,
        1,
        1,
        1,
        1
      ]
    },
    {
      "command": "PHPStan 2.1.39",
      "mean": 4.1987574083,
      "stddev": 0.05157912879222449,
      "median": 4.1776586665,
      "user": 24.6877243,
      "system": 4.915120199999999,
      "min": 4.16380325,
      "max": 4.297492041,
      "times": [
        4.172631,
        4.167605375,
        4.29286975,
        4.17405425,
        4.192184,
        4.16380325,
        4.297492041,
        4.181773959,
        4.163897375,
        4.181263083
      ],
      "exit_codes": [
        1,
        1,
        1,
        1,
        1,
        1,
        1,
        1,
        1,
        1
      ]
    },
    {
      "command": "PHPStan 2.1.34",
      "mean": 4.3462977167,
      "stddev": 0.049125878955687555,
      "median": 4.351910542000001,
      "user": 26.1401458,
      "system": 4.8344596,
      "min": 4.285971292,
      "max": 4.409922,
      "times": [
        4.386558291,
        4.318792792,
        4.295673792,
        4.389849791,
        4.303206125,
        4.385028292,
        4.300236834,
        4.387737958,
        4.285971292,
        4.409922
      ],
      "exit_codes": [
        1,
        1,
        1,
        1,
        1,
        1,
        1,
        1,
        1,
        1
      ]
    },
    {
      "command": "PHPStan 2.1.30",
      "mean": 4.9046381208,
      "stddev": 0.04295640787623933,
      "median": 4.9217605835,
      "user": 30.812756999999998,
      "system": 3.9716859999999996,
      "min": 4.82107425,
      "max": 4.940879458,
      "times": [
        4.829121,
        4.82107425,
        4.931894625,
        4.9214985,
        4.922022667,
        4.940879458,
        4.90661225,
        4.918801958,
        4.9221083750000005,
        4.932368125
      ],
      "exit_codes": [
        1,
        1,
        1,
        1,
        1,
        1,
        1,
        1,
        1,
        1
      ]
    },
    {
      "command": "Psalm 7.0.0-beta16",
      "mean": 8.1471737874,
      "stddev": 0.04018780459844563,
      "median": 8.138939083499999,
      "user": 9.7354525,
      "system": 1.6079307999999997,
      "min": 8.106501583,
      "max": 8.251949958,
      "times": [
        8.251949958,
        8.136063125,
        8.13062625,
        8.141815042,
        8.152065416,
        8.115948583,
        8.106501583,
        8.160729584,
        8.130051625,
        8.145986708
      ],
      "exit_codes": [
        2,
        2,
        2,
        2,
        2,
        2,
        2,
        2,
        2,
        2
      ]
    },
    {
      "command": "Psalm 6.15.1",
      "mean": 7.6678430333000005,
      "stddev": 0.022089662260044603,
      "median": 7.667029708499999,
      "user": 8.001807199999998,
      "system": 1.4219127,
      "min": 7.6414505,
      "max": 7.711033375,
      "times": [
        7.670918542,
        7.663140875,
        7.6723085,
        7.711033375,
        7.654487667,
        7.683093708,
        7.648904041,
        7.688964209,
        7.644128916,
        7.6414505
      ],
      "exit_codes": [
        1,
        1,
        1,
        1,
        1,
        1,
        1,
        1,
        1,
        1
      ]
    },
    {
      "command": "Phan 6.0.1",
      "mean": 3.5903142248999997,
      "stddev": 0.019831266231015714,
      "median": 3.59086925,
      "user": 4.4187605,
      "system": 2.5815056,
      "min": 3.554382208,
      "max": 3.617289625,
      "times": [
        3.554382208,
        3.606886208,
        3.568695375,
        3.613438125,
        3.585832916,
        3.617289625,
        3.595905584,
        3.583112375,
        3.5805472910000002,
        3.597052542
      ],
      "exit_codes": [
        1,
        1,
        1,
        1,
        1,
        1,
        1,
        1,
        1,
        1
      ]
    }
  ]
}
